dataset,alpha,group,point,lower,upper,true_mean,penalized_mean,covers_true_mean,covers_penalized_mean
0,0.0,0,0.14480374445744815,-0.03733114418942973,0.3031208802558851,0.2,0.2,true,true
0,0.0,1,1.0076276607408747,0.869999851040921,1.1469074200915026,1.0,1.0,true,true
0,0.01,0,0.1616206236601,-0.01767894805470898,0.3176634185540325,0.2,0.2153846153846154,true,true
0,0.01,1,0.9912533309909243,0.8538974347420999,1.1284801496854715,1.0,0.9846153846153847,true,true
0,0.3,0,0.38327617000208347,0.2380389179824202,0.5020426116603784,0.2,0.4181818181818182,false,true
0,0.3,1,0.7754308253421507,0.6565793340679268,0.8743769837243456,1.0,0.7818181818181817,false,true
1,0.0,0,0.30405498823006094,0.12799787684629924,0.5044924027118532,0.2,0.2,true,true
1,0.0,1,0.9454949596856561,0.7949196746513931,1.1124309825255447,1.0,1.0,true,true
1,0.01,0,0.31639037229651473,0.14428624793742184,0.5112373535219541,0.2,0.2153846153846154,true,true
1,0.01,1,0.9331595756192024,0.7846123138355192,1.0962840400760676,1.0,0.9846153846153847,true,true
1,0.3,0,0.47899316226340494,0.3480210443478845,0.624769390618336,0.2,0.4181818181818182,false,true
1,0.3,1,0.7705567856523119,0.6366954946290658,0.904774899499061,1.0,0.7818181818181817,false,true
2,0.0,0,0.018067854085859092,-0.15022184244557166,0.18076604708638982,0.2,0.2,false,false
2,0.0,1,0.9763199534981924,0.8089595443382364,1.1116497179298244,1.0,1.0,true,true
2,0.01,0,0.03481400727947276,-0.12950535044172837,0.1947219390187051,0.2,0.2153846153846154,false,false
2,0.01,1,0.9558524329282201,0.7933403868755046,1.0894456124285317,1.0,0.9846153846153847,true,true
2,0.3,0,0.25434919366698233,0.1285136453378178,0.3786438337466355,0.2,0.4181818181818182,true,false
2,0.3,1,0.6875316495657084,0.5658155589491887,0.7891862537008004,1.0,0.7818181818181817,false,true
3,0.0,0,0.217394421704117,0.09817111206229598,0.37098725459296594,0.2,0.2,true,true
3,0.0,1,1.1201201856486178,0.9705060453120541,1.3053107792017045,1.0,1.0,true,true
3,0.01,0,0.2349890083154476,0.11724173454048176,0.38617907609197294,0.2,0.2153846153846154,true,true
3,0.01,1,1.1029886144744274,0.9546166299544225,1.2844306076675616,1.0,0.9846153846153847,true,true
3,0.3,0,0.4668951581426326,0.3666753965969962,0.594802141588698,0.2,0.4181818181818182,false,true
3,0.3,1,0.8771852580637474,0.7485129583558477,1.0302933750006618,1.0,0.7818181818181817,true,true
4,0.0,0,0.3186535526837378,0.19671217333360838,0.4434140637397257,0.2,0.2,true,true
4,0.0,1,0.9584701006341099,0.7494677747405044,1.1192430531320539,1.0,1.0,true,true
4,0.01,0,0.3296996693654997,0.20966552193639554,0.45357506759055694,0.2,0.2153846153846154,false,true
4,0.01,1,0.9446001646502433,0.742950378345252,1.1004088745093366,1.0,0.9846153846153847,true,true
4,0.3,0,0.47428144236218267,0.3608550654312134,0.5849553472081086,0.2,0.4181818181818182,false,true
4,0.3,1,0.7630576376544083,0.6233835473648109,0.8969366159514018,1.0,0.7818181818181817,false,true
5,0.0,0,0.21933750585230283,0.09908197185407026,0.3432583874502354,0.2,0.2,true,true
5,0.0,1,0.9361247038821175,0.7844294934768018,1.0689911457125905,1.0,1.0,true,true
5,0.01,0,0.23267664729157422,0.11385610149015729,0.354445618675631,0.2,0.2153846153846154,true,true
5,0.01,1,0.9218656216539308,0.7720898099502378,1.0525338362149568,1.0,0.9846153846153847,true,true
5,0.3,0,0.4084041644533959,0.31770594498588806,0.5115847660014466,0.2,0.4181818181818182,false,true
5,0.3,1,0.7340189653775008,0.6216011453952821,0.8275950957352052,1.0,0.7818181818181817,false,true
6,0.0,0,0.14665342112975122,-0.04449621193904964,0.2800377587539077,0.2,0.2,true,true
6,0.0,1,0.9622643146927655,0.8155463637376466,1.1146543672570453,1.0,1.0,true,true
6,0.01,0,0.16163766477407188,-0.02454916715108678,0.2911883838183268,0.2,0.2153846153846154,true,true
6,0.01,1,0.9458130821601896,0.8013145384063071,1.0958939261069114,1.0,0.9846153846153847,true,true
6,0.3,0,0.3589223782824072,0.2338844132981407,0.47196801145808615,0.2,0.4181818181818182,false,true
6,0.3,1,0.7292137813153738,0.6065615964929693,0.8667044672192816,1.0,0.7818181818181817,false,true
7,0.0,0,0.3222731678545995,0.18046973088885956,0.4995895018925198,0.2,0.2,true,true
7,0.0,1,1.0686721675362674,0.8848243201333524,1.2255107831426444,1.0,1.0,true,true
7,0.01,0,0.33625378545041595,0.19451344326579087,0.5098592192490008,0.2,0.2153846153846154,true,true
7,0.01,1,1.053925488702324,0.8724304457532134,1.2062036466040253,1.0,0.9846153846153847,true,true
7,0.3,0,0.5204722393891786,0.40956767229217955,0.6479098940127249,0.2,0.4181818181818182,false,true
7,0.3,1,0.859612872903903,0.7170540733340369,0.9692740937159839,1.0,0.7818181818181817,false,true
8,0.0,0,0.3455895890389994,0.15354570664255,0.489153098633983,0.2,0.2,true,true
8,0.0,1,0.9501648999922103,0.8230676854629371,1.0987195467085458,1.0,1.0,true,true
8,0.01,0,0.35706297927934927,0.1703155522949733,0.49766033028325596,0.2,0.2153846153846154,true,true
8,0.01,1,0.9383814181237429,0.8136217819527566,1.0855339907541681,1.0,0.9846153846153847,true,true
8,0.3,0,0.508288456460544,0.3612210373305915,0.614918779296956,0.2,0.4181818181818182,false,true
8,0.3,1,0.7830687658835971,0.6819719053846117,0.9119508230290757,1.0,0.7818181818181817,false,true
9,0.0,0,0.18100821980059645,-0.0171269996253264,0.3404045024428837,0.2,0.2,true,true
9,0.0,1,0.9762893419516846,0.8136778221649839,1.135185125937189,1.0,1.0,true,true
9,0.01,0,0.19610074921738058,0.0007408097992258767,0.3527713516262387,0.2,0.2153846153846154,true,true
9,0.01,1,0.9607889063344468,0.8017084844370579,1.1178177643395208,1.0,0.9846153846153847,true,true
9,0.3,0,0.39502843450587544,0.24879131345822622,0.5203372321519896,0.2,0.4181818181818182,false,true
9,0.3,1,0.7564847971192357,0.6295008791381979,0.8661644504805032,1.0,0.7818181818181817,false,true
10,0.0,0,0.28234078705425075,0.1061126921835396,0.462094042567595,0.2,0.2,true,true
10,0.0,1,1.0969847282275285,0.913915701427913,1.2769434049277815,1.0,1.0,true,true
10,0.01,0,0.2981121322122272,0.1294628236923091,0.476756737543468,0.2,0.2153846153846154,true,true
10,0.01,1,1.0814222750583993,0.901081006871925,1.2583111382145566,1.0,0.9846153846153847,true,true
10,0.3,0,0.5060020965866623,0.3774698234504474,0.6599280143316015,0.2,0.4181818181818182,false,true
10,0.3,1,0.8762858201458773,0.7398914331574469,1.026125407569154,1.0,0.7818181818181817,true,true
11,0.0,0,0.18046501069754362,0.04485897819668915,0.3056894383518195,0.2,0.2,true,true
11,0.0,1,0.9442639040374781,0.8002446647285872,1.1086595810119078,1.0,1.0,true,true
11,0.01,0,0.19467902218857547,0.06207363256122808,0.316227251477305,0.2,0.2153846153846154,true,true
11,0.01,1,0.9290696158918922,0.7900293674151699,1.0903393429061812,1.0,0.9846153846153847,true,true
11,0.3,0,0.38193192445370605,0.2642275457270548,0.47787081917708546,0.2,0.4181818181818182,false,true
11,0.3,1,0.7289027203670972,0.6134542068192088,0.849730138932043,1.0,0.7818181818181817,false,true
12,0.0,0,0.2415289713596928,0.0688645490795215,0.38440271394970105,0.2,0.2,true,true
12,0.0,1,1.014347031902981,0.8455616447243962,1.1504467482063363,1.0,1.0,true,true
12,0.01,0,0.2572264242521131,0.08853916323193399,0.3957237917840032,0.2,0.2153846153846154,true,true
12,0.01,1,1.0002391944933375,0.8359958513455847,1.1344827470746084,1.0,0.9846153846153847,true,true
12,0.3,0,0.46382593755690854,0.3430187361650227,0.5901077719580654,0.2,0.4181818181818182,false,true
12,0.3,1,0.8145611508902935,0.695761936318026,0.9443124817025962,1.0,0.7818181818181817,false,true
13,0.0,0,0.19806192809898904,0.0525754707356481,0.3171770644045974,0.2,0.2,true,true
13,0.0,1,1.0535753971598874,0.8624326678136719,1.2533932004581483,1.0,1.0,true,true
13,0.01,0,0.21319756736479883,0.07031390203728152,0.33011977861955555,0.2,0.2153846153846154,true,true
13,0.01,1,1.0355673008071353,0.8476438100166293,1.2311595050443607,1.0,0.9846153846153847,true,true
13,0.3,0,0.4118926040131378,0.3093267094241313,0.5141469899178733,0.2,0.4181818181818182,false,true
13,0.3,1,0.7991637170576518,0.6539882649228014,0.9408465109872192,1.0,0.7818181818181817,false,true
14,0.0,0,0.22511686696023658,0.0788756862341032,0.38848834550293,0.2,0.2,true,true
14,0.0,1,0.935353356631122,0.7787134835960854,1.1118536410061313,1.0,1.0,true,true
14,0.01,0,0.23859545310375996,0.09625045611571699,0.3982907501481094,0.2,0.2153846153846154,true,true
14,0.01,1,0.9215104843756114,0.7700024559665555,1.091775993977501,1.0,0.9846153846153847,true,true
14,0.3,0,0.41625049477695286,0.31986000709542917,0.52824959225382,0.2,0.4181818181818182,false,true
14,0.3,1,0.7390539550896295,0.6467445557594994,0.8422574077691358,1.0,0.7818181818181817,false,true
15,0.0,0,0.036397013020551316,-0.13707094046363408,0.2044548351335986,0.2,0.2,true,true
15,0.0,1,1.1026289886017846,0.9536693690589819,1.245172330751178,1.0,1.0,true,true
15,0.01,0,0.05623919096184904,-0.11340429290864329,0.21935282596933312,0.2,0.2153846153846154,true,true
15,0.01,1,1.0814183845955698,0.9373299391295826,1.2214912813683443,1.0,0.9846153846153847,true,true
15,0.3,0,0.3176365740379356,0.18469833230039365,0.44371099379078477,0.2,0.4181818181818182,true,true
15,0.3,1,0.8019935957900978,0.6957338349573846,0.9251032229602183,1.0,0.7818181818181817,false,true
16,0.0,0,0.18318426274798832,0.00917149937561526,0.35621349427533944,0.2,0.2,true,true
16,0.0,1,1.056425928976456,0.9296033284638052,1.2236213828343734,1.0,1.0,true,true
16,0.01,0,0.20092151633867628,0.034033410866671485,0.3692540245148175,0.2,0.2153846153846154,true,true
16,0.01,1,1.040484852964572,0.9178901606806957,1.206161073546767,1.0,0.9846153846153847,true,true
16,0.3,0,0.43436753999066174,0.3271719357372527,0.5802605670451122,0.2,0.4181818181818182,false,true
16,0.3,1,0.8306789329735467,0.7465670827336386,0.968524768232082,1.0,0.7818181818181817,false,true
17,0.0,0,0.13878270792177577,-0.05018096571738353,0.27091787610801055,0.2,0.2,true,true
17,0.0,1,0.9694720163725699,0.7815721961154226,1.0937252478377537,1.0,1.0,true,true
17,0.01,0,0.15375650661488016,-0.03177737174833822,0.2841087333554277,0.2,0.2153846153846154,true,true
17,0.01,1,0.9523591035804504,0.7687497040836005,1.0734922575159982,1.0,0.9846153846153847,true,true
17,0.3,0,0.35065892829586487,0.20541708596488428,0.45841889369469707,0.2,0.4181818181818182,false,true
17,0.3,1,0.7273277645164679,0.5838140814584246,0.8175636199981073,1.0,0.7818181818181817,false,true
18,0.0,0,0.19973599769740524,0.06340988958787878,0.3351422952560059,0.2,0.2,true,true
18,0.0,1,0.9634853937224217,0.8069635133801656,1.0774081340943948,1.0,1.0,true,true
18,0.01,0,0.2137674520631596,0.08027496631614726,0.3463194564895181,0.2,0.2153846153846154,true,true
18,0.01,1,0.9480802305376423,0.7940575057060695,1.061560550862936,1.0,0.9846153846153847,true,true
18,0.3,0,0.39850760447668093,0.28383563425643715,0.5261083921021108,0.2,0.4181818181818182,false,true
18,0.3,1,0.7452536296360841,0.6184591267709217,0.8514958106318282,1.0,0.7818181818181817,false,true
19,0.0,0,0.24215443523403302,0.10642324200521767,0.4042296740577056,0.2,0.2,true,true
19,0.0,1,0.9176264449149657,0.7659538466821703,1.0744822260834854,1.0,1.0,true,true
19,0.01,0,0.2545640747421106,0.12193596690023967,0.41393848935182553,0.2,0.2153846153846154,true,true
19,0.01,1,0.9040018756648386,0.7542381566065719,1.057759952476931,1.0,0.9846153846153847,true,true
19,0.3,0,0.4179511787699292,0.31525979982749713,0.5530735849957475,0.2,0.4181818181818182,false,true
19,0.3,1,0.7246188313825481,0.5960529452800761,0.8494134669313284,1.0,0.7818181818181817,false,true
20,0.0,0,0.08851204388449868,-0.06356917367020512,0.25822360043633164,0.2,0.2,true,true
20,0.0,1,0.9582420876485347,0.7660826123357494,1.1441037230573228,1.0,1.0,true,true
20,0.01,0,0.1043890150296598,-0.04415087698958985,0.2714106888919943,0.2,0.2153846153846154,true,true
20,0.01,1,0.9405761620081442,0.7531815477520629,1.1226693372756498,1.0,0.9846153846153847,true,true
20,0.3,0,0.3133512290795869,0.1841129965349251,0.4334415886037003,0.2,0.4181818181818182,true,true
20,0.3,1,0.7080689097554083,0.583438972397659,0.8476119040240603,1.0,0.7818181818181817,false,true
21,0.0,0,0.20504244307072195,0.07735810516681947,0.36206620419894614,0.2,0.2,true,true
21,0.0,1,1.2570557657938335,1.1031367328395232,1.4113528600235659,1.0,1.0,false,false
21,0.01,0,0.2246200172048204,0.09877511103243691,0.378760553961437,0.2,0.2153846153846154,true,true
21,0.01,1,1.2361280141332456,1.0856385002557225,1.3876805295751304,1.0,0.9846153846153847,false,false
21,0.3,0,0.48253155598707564,0.3771592608038213,0.6012473937033442,0.2,0.4181818181818182,false,true
21,0.3,1,0.9604294726763518,0.8514804381703426,1.0836671297052525,1.0,0.7818181818181817,true,false
22,0.0,0,0.30508231520563284,0.15317401895093435,0.47158009726081745,0.2,0.2,true,true
22,0.0,1,0.9202669747582266,0.7772741186232845,1.061891922394827,1.0,1.0,true,true
22,0.01,0,0.3163843673210909,0.16751328177531133,0.48095319574425277,0.2,0.2153846153846154,true,true
22,0.01,1,0.9078584280300663,0.7671540924211476,1.0477380143471218,1.0,0.9846153846153847,true,true
22,0.3,0,0.4651888159526729,0.35485621846574916,0.5977012318511605,0.2,0.4181818181818182,false,true
22,0.3,1,0.7444857117002874,0.6239318987506404,0.8745374649458995,1.0,0.7818181818181817,false,true
23,0.0,0,0.3451721395162421,0.18368041550099276,0.5055473816840319,0.2,0.2,true,true
23,0.0,1,1.085789235243559,0.934249925008991,1.2342204959881704,1.0,1.0,true,true
23,0.01,0,0.3598045847020965,0.2007077862467001,0.5163806869630345,0.2,0.2153846153846154,false,true
23,0.01,1,1.0719169170803464,0.9212528282811244,1.2158016002982877,1.0,0.9846153846153847,true,true
23,0.3,0,0.5526119775806791,0.42358066951958884,0.6867528612869422,0.2,0.4181818181818182,false,false
23,0.3,1,0.8891254926629886,0.7611405771072819,1.018958567233922,1.0,0.7818181818181817,true,true
24,0.0,0,0.03381818820313881,-0.11930453105954161,0.1738615494185173,0.2,0.2,false,false
24,0.0,1,0.8300353443819328,0.6860792898588606,0.9613531276982159,1.0,1.0,false,false
24,0.01,0,0.049767068064963726,-0.10274589801712472,0.18772690141738488,0.2,0.2153846153846154,false,false
24,0.01,1,0.815313301432556,0.6713632708543782,0.9427005566343367,1.0,0.9846153846153847,false,false
24,0.3,0,0.259818691048648,0.12936773628107448,0.3684682167478708,0.2,0.4181818181818182,true,false
24,0.3,1,0.6214194956014627,0.4817804994683282,0.7084393203557848,1.0,0.7818181818181817,false,false
25,0.0,0,0.11654110594922396,-0.10350743888235683,0.27630205085020637,0.2,0.2,true,true
25,0.0,1,1.0229987975514403,0.9018606225024978,1.1728546553249053,1.0,1.0,true,true
25,0.01,0,0.13495304226305027,-0.08200523492436432,0.28839176966074065,0.2,0.2153846153846154,true,true
25,0.01,1,1.0064513611174952,0.8885990025037122,1.1534731821873583,1.0,0.9846153846153847,true,true
25,0.3,0,0.37727879456851987,0.2148786092370684,0.48944323564405895,0.2,0.4181818181818182,false,true
25,0.3,1,0.7886649255011869,0.671916259946372,0.9056634345289305,1.0,0.7818181818181817,false,true
26,0.0,0,0.16229285100655721,0.010842348872192008,0.2707015483612795,0.2,0.2,true,true
26,0.0,1,1.0423616455819316,0.9083591644623612,1.1896451599177105,1.0,1.0,true,true
26,0.01,0,0.17968045719428472,0.029988282886100878,0.28438463098113237,0.2,0.2153846153846154,true,true
26,0.01,1,1.0258772916636965,0.8927994566052608,1.1710019418881172,1.0,0.9846153846153847,true,true
26,0.3,0,0.4087917899123587,0.29095754317044825,0.4857985695625506,0.2,0.4181818181818182,false,true
26,0.3,1,0.8086678463595482,0.6837096108706595,0.922841611483641,1.0,0.7818181818181817,false,true
27,0.0,0,0.2168625238002576,0.07227981823583546,0.3661702176371123,0.2,0.2,true,true
27,0.0,1,0.9358488693425273,0.7835587277883213,1.0809025354973454,1.0,1.0,true,true
27,0.01,0,0.23041786467427494,0.08826345054007234,0.37847512289345425,0.2,0.2153846153846154,true,true
27,0.01,1,0.9217402492491623,0.769808754769776,1.0646726780992657,1.0,0.9846153846153847,true,true
27,0.3,0,0.40906291077009505,0.29473408565872994,0.5355552843184317,0.2,0.4181818181818182,false,true
27,0.3,1,0.7358035686188189,0.6183435121906955,0.855949506418583,1.0,0.7818181818181817,false,true
28,0.0,0,0.23127103659528236,0.06110574608021718,0.41247752943333205,0.2,0.2,true,true
28,0.0,1,0.984987353495565,0.8398416790112041,1.1627990227723723,1.0,1.0,true,true
28,0.01,0,0.24586283502922507,0.08091842383007619,0.42392338932842255,0.2,0.2153846153846154,true,true
28,0.01,1,0.970588823915052,0.8271222396828172,1.1447518781242416,1.0,0.9846153846153847,true,true
28,0.3,0,0.4382046058931436,0.30334880345873194,0.5747684018855438,0.2,0.4181818181818182,false,true
28,0.3,1,0.7807946261751586,0.6754356039093826,0.8997114247194926,1.0,0.7818181818181817,false,true
29,0.0,0,0.21526818344514276,0.04312742471163136,0.3760456979061128,0.2,0.2,true,true
29,0.0,1,0.9961477508783684,0.8215408129033605,1.1671282536299465,1.0,1.0,true,true
29,0.01,0,0.22916929029573418,0.06163574464404704,0.3867898712348679,0.2,0.2153846153846154,true,true
29,0.01,1,0.9798290602276741,0.8091124044576612,1.1483289575331619,1.0,0.9846153846153847,true,true
29,0.3,0,0.4117696063222126,0.2765135482179218,0.5473544102929989,0.2,0.4181818181818182,false,true
29,0.3,1,0.7654721675009385,0.6260883376770575,0.9030443702505356,1.0,0.7818181818181817,false,true
30,0.0,0,0.21158286233714868,0.07865302621678685,0.3766968005152123,0.2,0.2,true,true
30,0.0,1,0.9973318591021807,0.8146275978808722,1.173999306271871,1.0,1.0,true,true
30,0.01,0,0.225926754718958,0.09468563465836784,0.38849371694051654,0.2,0.2153846153846154,true,true
30,0.01,1,0.9813717534942521,0.8023920557283428,1.1560779266816616,1.0,0.9846153846153847,true,true
30,0.3,0,0.41471159804912194,0.30778367585428307,0.5583762197256519,0.2,0.4181818181818182,false,true
30,0.3,1,0.7713153785212528,0.6418116101956551,0.9273394412170152,1.0,0.7818181818181817,false,true
31,0.0,0,0.12798705732533117,-0.014891643518259048,0.2690956012330951,0.2,0.2,true,true
31,0.0,1,1.0357619336899484,0.9193033400576228,1.1958635985716068,1.0,1.0,true,true
31,0.01,0,0.14617052942508468,0.004774961245698678,0.2846915188935608,0.2,0.2153846153846154,true,true
31,0.01,1,1.0189771902132527,0.9037779901713935,1.175377310981693,1.0,0.9846153846153847,true,true
31,0.3,0,0.385652415245419,0.279043596433238,0.5024354527000584,0.2,0.4181818181818182,false,true
31,0.3,1,0.7979169879175596,0.6802975361814098,0.9241540183901387,1.0,0.7818181818181817,false,true
32,0.0,0,0.1358338967545646,0.0033703430348095142,0.2713274044519673,0.2,0.2,true,true
32,0.0,1,1.0270472624744904,0.8761308287918614,1.1936395584388144,1.0,1.0,true,true
32,0.01,0,0.15241904388133098,0.024202404920472216,0.2848191011668872,0.2,0.2153846153846154,true,true
32,0.01,1,1.009318312097602,0.8617483936446966,1.1708671621859092,1.0,0.9846153846153847,true,true
32,0.3,0,0.3709088724522912,0.2719355173592689,0.4760971467391005,0.2,0.4181818181818182,false,true
32,0.3,1,0.7757602194872653,0.6624894051892176,0.8952790122255952,1.0,0.7818181818181817,false,true
33,0.0,0,0.27085410488168027,0.1295718714917668,0.40677539869107004,0.2,0.2,true,true
33,0.0,1,1.0536713883811362,0.84268561798425,1.1807990830426374,1.0,1.0,true,true
33,0.01,0,0.28721328959877424,0.15031354389065735,0.42194988061880045,0.2,0.2153846153846154,true,true
33,0.01,1,1.0397357865850934,0.8323789033951382,1.164298020529679,1.0,0.9846153846153847,true,true
33,0.3,0,0.5021020989132482,0.3916186413363811,0.6056777351473062,0.2,0.4181818181818182,false,true
33,0.3,1,0.856682356428319,0.7006313792604691,0.9712082834695901,1.0,0.7818181818181817,false,true
34,0.0,0,0.0728479032927638,-0.07760345936157989,0.22612894097114442,0.2,0.2,true,true
34,0.0,1,0.9808833662676717,0.8233897069665312,1.1340276386758392,1.0,1.0,true,true
34,0.01,0,0.09078804971315413,-0.05729762367977859,0.24048969449356375,0.2,0.2153846153846154,true,true
34,0.01,1,0.9638751755054835,0.8077343652956329,1.1142614544540494,1.0,0.9846153846153847,true,true
34,0.3,0,0.32718004129357664,0.19842246593136348,0.45230393535191327,0.2,0.4181818181818182,true,true
34,0.3,1,0.7397632873837843,0.6317355019824965,0.859027704408702,1.0,0.7818181818181817,false,true
35,0.0,0,0.12599863187864546,-0.03784702676019134,0.31999973025351247,0.2,0.2,true,true
35,0.0,1,0.9924696968248515,0.8569172750331653,1.1565916988902487,1.0,1.0,true,true
35,0.01,0,0.1443706265327368,-0.01436085200258867,0.3366920444231006,0.2,0.2153846153846154,true,true
35,0.01,1,0.9772343841848733,0.8425724057066004,1.1385478288755697,1.0,0.9846153846153847,true,true
35,0.3,0,0.38539164093685574,0.2429016628856207,0.5287639977413507,0.2,0.4181818181818182,false,true
35,0.3,1,0.7773632990692625,0.6735945399936539,0.909289895015962,1.0,0.7818181818181817,false,true
36,0.0,0,0.15975444349323065,0.02696040728718409,0.34086561261022247,0.2,0.2,true,true
36,0.0,1,0.9001577986677646,0.7597511312636591,1.0744333508954067,1.0,1.0,true,true
36,0.01,0,0.17327054862283087,0.041082529448629154,0.35125442645053495,0.2,0.2153846153846154,true,true
36,0.01,1,0.8851187521151107,0.7475573922528266,1.056942001596552,1.0,0.9846153846153847,true,true
36,0.3,0,0.3511606025500019,0.23441999804855723,0.5115274036235354,0.2,0.4181818181818182,false,true
36,0.3,1,0.6871847484496669,0.5732083684941665,0.8215555128911533,1.0,0.7818181818181817,false,true
37,0.0,0,0.2011263645890814,0.051505990100255514,0.36819083815737336,0.2,0.2,true,true
37,0.0,1,1.0451951563235657,0.9008924243071479,1.2050653632475317,1.0,1.0,true,true
37,0.01,0,0.2172509318742351,0.06941534640790079,0.38091008784490105,0.2,0.2153846153846154,true,true
37,0.01,1,1.0288541518936447,0.8878626656109281,1.1853613992748344,1.0,0.9846153846153847,true,true
37,0.3,0,0.42979689322924436,0.2913750897489622,0.5621404989358644,0.2,0.4181818181818182,false,true
37,0.3,1,0.8134552246144071,0.6901600587310751,0.927162500791754,1.0,0.7818181818181817,false,true
38,0.0,0,0.12495467827511725,-0.01726622371229097,0.27939949616617105,0.2,0.2,true,true
38,0.0,1,1.0076282214298882,0.8269580620035701,1.1837848646838436,1.0,1.0,true,true
38,0.01,0,0.14066790698452875,0.0014100987591339686,0.29200979826594353,0.2,0.2153846153846154,true,true
38,0.01,1,0.9891822572927529,0.8118015410000579,1.1616153020922266,1.0,0.9846153846153847,true,true
38,0.3,0,0.34707165302959997,0.23995313005753918,0.483825030596904,0.2,0.4181818181818182,false,true
38,0.3,1,0.7468822075876691,0.6249865282333285,0.8999791526234184,1.0,0.7818181818181817,false,true
39,0.0,0,0.32014376602183775,0.1950766647182529,0.4507157100810826,0.2,0.2,true,true
39,0.0,1,1.0835391851953162,0.9258218447414838,1.2298193040710361,1.0,1.0,true,true
39,0.01,0,0.33587036693184935,0.21405984559672206,0.46514549899211954,0.2,0.2153846153846154,false,true
39,0.01,1,1.0697784093990559,0.9147569952717768,1.2138790484249318,1.0,0.9846153846153847,true,true
39,0.3,0,0.5426719853760501,0.4552964189267319,0.6423991576162373,0.2,0.4181818181818182,false,false
39,0.3,1,0.8888269932603805,0.7666520615678921,0.9963690186565225,1.0,0.7818181818181817,false,true
40,0.0,0,0.12633085541996958,-0.028134934800322794,0.2600852966448741,0.2,0.2,true,true
40,0.0,1,1.069872501321917,0.899549178537839,1.228999014868498,1.0,1.0,true,true
40,0.01,0,0.14400410383363083,-0.009389349414283897,0.2740222081280665,0.2,0.2153846153846154,true,true
40,0.01,1,1.0512308557349042,0.885733230497594,1.205930980155096,1.0,0.9846153846153847,true,true
40,0.3,0,0.3768792594930353,0.25666027267008773,0.48928694743525913,0.2,0.4181818181818182,false,true
40,0.3,1,0.8055954175736146,0.6732025478170658,0.9250104881704173,1.0,0.7818181818181817,false,true
41,0.0,0,0.08833862944202192,-0.04465559991618709,0.21995569525748057,0.2,0.2,true,true
41,0.0,1,1.029163292582746,0.8646195804317843,1.1356119147784562,1.0,1.0,true,true
41,0.01,0,0.10619322640024037,-0.02521899503627383,0.23460789123622788,0.2,0.2153846153846154,true,true
41,0.01,1,1.0108261389499813,0.8478046845470553,1.1157515662727187,1.0,0.9846153846153847,true,true
41,0.3,0,0.3415264529638104,0.2246065263808331,0.441878000869736,0.2,0.4181818181818182,false,true
41,0.3,1,0.7691325549117201,0.6262925080353408,0.866086482834052,1.0,0.7818181818181817,false,true
42,0.0,0,0.27029244652304135,0.10241589013587182,0.39463203407948033,0.2,0.2,true,true
42,0.0,1,0.9926113170305333,0.8444788041459456,1.1090058971946997,1.0,1.0,true,true
42,0.01,0,0.28595086693428523,0.12365432654354963,0.4074511514861753,0.2,0.2153846153846154,true,true
42,0.01,1,0.980140838499423,0.8353838063785681,1.094205771517754,1.0,0.9846153846153847,true,true
42,0.3,0,0.49090272925916956,0.38191713092276325,0.5860822968033585,0.2,0.4181818181818182,false,true
42,0.3,1,0.8169157026358923,0.7140400439339588,0.9076372394465253,1.0,0.7818181818181817,false,true
43,0.0,0,0.2971372593737543,0.13966280370919115,0.5132467818930648,0.2,0.2,true,true
43,0.0,1,0.866951662289652,0.7094467476543305,0.9981426681889746,1.0,1.0,false,false
43,0.01,0,0.30753925353051526,0.15337179044891988,0.5194024577448808,0.2,0.2153846153846154,true,true
43,0.01,1,0.855377612453256,0.700300626116453,0.9835762918965754,1.0,0.9846153846153847,false,false
43,0.3,0,0.4444434344135062,0.31252013777801096,0.6027253332016814,0.2,0.4181818181818182,false,true
43,0.3,1,0.7030476083721815,0.5916973464973955,0.800912225172967,1.0,0.7818181818181817,false,true
44,0.0,0,0.15271857527549276,0.020139011614913594,0.29896183256381037,0.2,0.2,true,true
44,0.0,1,1.0420933446553633,0.9128067251871823,1.2087381955838503,1.0,1.0,true,true
44,0.01,0,0.17029004052752406,0.04082822699589951,0.31372853657747596,0.2,0.2153846153846154,true,true
44,0.01,1,1.025434682793048,0.897226022332277,1.1892404268061911,1.0,0.9846153846153847,true,true
44,0.3,0,0.40182402963659936,0.30416260154690206,0.5143621648853463,0.2,0.4181818181818182,false,true
44,0.3,1,0.8059284333779504,0.6918240456179462,0.9323929501264867,1.0,0.7818181818181817,false,true
45,0.0,0,0.017100243710251206,-0.1623846841680299,0.2181990631986798,0.2,0.2,true,true
45,0.0,1,0.9042312319095407,0.7385627115410294,1.0371883511715785,1.0,1.0,true,true
45,0.01,0,0.03537590355298331,-0.14088753802525875,0.23289114957422094,0.2,0.2153846153846154,true,true
45,0.01,1,0.88824002954715,0.7235673804610658,1.019091960364536,1.0,0.9846153846153847,true,true
45,0.3,0,0.275697130958627,0.1383353818571436,0.4255032447928172,0.2,0.4181818181818182,true,true
45,0.3,1,0.6779589555672118,0.5109719176157953,0.791859638973636,1.0,0.7818181818181817,false,true
46,0.0,0,0.1159903373797373,-0.02701990040023834,0.2667502053222068,0.2,0.2,true,true
46,0.0,1,1.0175822255613465,0.8672921768671107,1.1589501418154937,1.0,1.0,true,true
46,0.01,0,0.13244894829700515,-0.006287850163375502,0.2807410240227297,0.2,0.2153846153846154,true,true
46,0.01,1,0.9992691232731187,0.8524166329524372,1.1370417305836293,1.0,0.9846153846153847,true,true
46,0.3,0,0.34906632109526775,0.24250498634515408,0.46248659499039196,0.2,0.4181818181818182,false,true
46,0.3,1,0.7582441591736434,0.6366721050083156,0.8563247400449564,1.0,0.7818181818181817,false,true
47,0.0,0,0.21848252857167944,0.08371092577315484,0.35857185101105166,0.2,0.2,true,true
47,0.0,1,0.9214590990857696,0.7720005741897293,1.0600474721803785,1.0,1.0,true,true
47,0.01,0,0.23209201557723014,0.09803722832025054,0.3695133053236594,0.2,0.2153846153846154,true,true
47,0.01,1,0.9080298701862526,0.7617591909204623,1.0428069216547136,1.0,0.9846153846153847,true,true
47,0.3,0,0.41148544970718676,0.2929612139904235,0.5158822759291264,0.2,0.4181818181818182,false,true
47,0.3,1,0.7310125080315271,0.6143533466519698,0.8368344719637794,1.0,0.7818181818181817,false,true
48,0.0,0,0.2256423899622303,0.09053356270276912,0.39768191116843654,0.2,0.2,true,true
48,0.0,1,1.041756047315026,0.8937014481213844,1.2030585428013352,1.0,1.0,true,true
48,0.01,0,0.2428211415633459,0.1127664744291904,0.4102332053854004,0.2,0.2153846153846154,true,true
48,0.01,1,1.0273174646809595,0.8801695206231558,1.1845880976192285,1.0,0.9846153846153847,true,true
48,0.3,0,0.46833739621317816,0.35330793122411,0.6009699323667543,0.2,0.4181818181818182,false,true
48,0.3,1,0.8377731279507323,0.7083272149679954,0.9651378953691887,1.0,0.7818181818181817,false,true
49,0.0,0,0.216270277989836,0.0838898377049678,0.3958459389363633,0.2,0.2,true,true
49,0.0,1,0.9116107282889784,0.7364625016891194,1.0761261916437035,1.0,1.0,true,true
49,0.01,0,0.2289637572419544,0.09775188561878108,0.40609860355486266,0.2,0.2153846153846154,true,true
49,0.01,1,0.8974869978535227,0.7252672466581893,1.0598770715811396,1.0,0.9846153846153847,true,true
49,0.3,0,0.3960269523733428,0.2925542354026672,0.5379644545681427,0.2,0.4181818181818182,false,true
49,0.3,1,0.711599780735499,0.5808120035510267,0.8445163167099663,1.0,0.7818181818181817,false,true
50,0.0,0,0.27076058620878624,0.16822929506953485,0.41034531182939665,0.2,0.2,true,true
50,0.0,1,1.1512066214139611,1.008776822838553,1.2990643867816505,1.0,1.0,false,false
50,0.01,0,0.28902835694653695,0.18735060953640878,0.4270196420076999,0.2,0.2153846153846154,true,true
50,0.01,1,1.1354350677956546,0.9936816262830092,1.2778232628138209,1.0,0.9846153846153847,true,false
50,0.3,0,0.5291227047231948,0.42462293509931404,0.6572576423231276,0.2,0.4181818181818182,false,false
50,0.3,1,0.9281486433176704,0.8066459427130153,1.0292336596764031,1.0,0.7818181818181817,true,false
51,0.0,0,0.28863238720092144,0.16096372836836018,0.4391990147056685,0.2,0.2,true,true
51,0.0,1,0.9189241115977003,0.7952823792656729,1.0992848090150669,1.0,1.0,true,true
51,0.01,0,0.30199661442050507,0.1759806790612482,0.4483969385914286,0.2,0.2153846153846154,true,true
51,0.01,1,0.9078415817082895,0.7857522650379614,1.0847335225340207,1.0,0.9846153846153847,true,true
51,0.3,0,0.47732105043506984,0.3884278804850386,0.6126981108140126,0.2,0.4181818181818182,false,true
51,0.3,1,0.7624505859888941,0.6570432234853935,0.9066642066847103,1.0,0.7818181818181817,false,true
52,0.0,0,0.27819155890826286,0.15127215431480678,0.4354268901835987,0.2,0.2,true,true
52,0.0,1,1.001319613593086,0.8747117149844206,1.1599805206984357,1.0,1.0,true,true
52,0.01,0,0.2926764043796076,0.16675556723800083,0.4458644422485712,0.2,0.2153846153846154,true,true
52,0.01,1,0.9879489870041525,0.8627224588397183,1.1445132756138026,1.0,0.9846153846153847,true,true
52,0.3,0,0.4834462469192389,0.3711026166504297,0.6127175730188174,0.2,0.4181818181818182,false,true
52,0.3,1,0.8118537477368004,0.7073400739038985,0.9294401490695317,1.0,0.7818181818181817,false,true
53,0.0,0,0.14131130378056522,-0.05869773314141731,0.2848724719314113,0.2,0.2,true,true
53,0.0,1,1.11208458055489,1.0179822860979204,1.2243898476558934,1.0,1.0,false,false
53,0.01,0,0.16116888142203134,-0.0329368740646764,0.30504422860069635,0.2,0.2153846153846154,true,true
53,0.01,1,1.0944750305709483,1.0011817930347235,1.206686456602852,1.0,0.9846153846153847,false,false
53,0.3,0,0.4224130175068765,0.28546525881190093,0.5580095752686957,0.2,0.4181818181818182,false,true
53,0.3,1,0.8628057023447646,0.7621046525852682,0.9752341222988333,1.0,0.7818181818181817,false,true
54,0.0,0,0.1654860349898707,0.01516874014665644,0.29509451429504757,0.2,0.2,true,true
54,0.0,1,1.0817195545131795,0.9173261559852461,1.2752532294971848,1.0,1.0,true,true
54,0.01,0,0.1823188978169658,0.03601620811704476,0.30850903656311485,0.2,0.2153846153846154,true,true
54,0.01,1,1.0632387191016135,0.9010120243173712,1.254879085437157,1.0,0.9846153846153847,true,true
54,0.3,0,0.40394279817494244,0.2775568004079031,0.5252673160802831,0.2,0.4181818181818182,false,true
54,0.3,1,0.8199173739533454,0.6860053061071323,0.9848329763046691,1.0,0.7818181818181817,false,true
55,0.0,0,0.179072686198745,-0.005964378731980774,0.33570678595175707,0.2,0.2,true,true
55,0.0,1,0.9834257528257231,0.8014989067058417,1.1492607648944058,1.0,1.0,true,true
55,0.01,0,0.19394516200694795,0.013482407756485876,0.3445906329900251,0.2,0.2153846153846154,true,true
55,0.01,1,0.967313904033503,0.7885121903838515,1.1267881603604433,1.0,0.9846153846153847,true,true
55,0.3,0,0.38982021457262567,0.25269037089458574,0.5051255134802087,0.2,0.4181818181818182,false,true
55,0.3,1,0.7551159304206856,0.6364169458538632,0.8862102276693813,1.0,0.7818181818181817,false,true
56,0.0,0,0.21072399715247636,0.06921995803249822,0.45803671949235264,0.2,0.2,true,true
56,0.0,1,1.014846803304783,0.8968726862381934,1.1538103302528326,1.0,1.0,true,true
56,0.01,0,0.22661113093807178,0.08740625467733429,0.4708662071658245,0.2,0.2153846153846154,true,true
56,0.01,1,0.9997849751703873,0.8868566218704398,1.137721883311215,1.0,0.9846153846153847,true,true
56,0.3,0,0.4359511835818468,0.3092360137427721,0.6259628173027828,0.2,0.4181818181818182,false,true
56,0.3,1,0.801319730456159,0.7073894243626981,0.9368636420469195,1.0,0.7818181818181817,false,true
57,0.0,0,0.26202422650330087,0.11758303513484082,0.40413849184795786,0.2,0.2,true,true
57,0.0,1,1.04799277969654,0.8893704168715288,1.2034158597230844,1.0,1.0,true,true
57,0.01,0,0.2758440493658609,0.13448998220571726,0.41501793974722223,0.2,0.2153846153846154,true,true
57,0.01,1,1.031327699185806,0.8790083443651732,1.1839708046096795,1.0,0.9846153846153847,true,true
57,0.3,0,0.45714541527267544,0.34064608456405754,0.572912304475207,0.2,0.4181818181818182,false,true
57,0.3,1,0.8126995814746472,0.6889725125713495,0.9381403763442066,1.0,0.7818181818181817,false,true
58,0.0,0,0.1693762371107217,0.03310458513690731,0.3073914866284882,0.2,0.2,true,true
58,0.0,1,0.9015374893206178,0.7400199915300898,1.081334834366238,1.0,1.0,true,true
58,0.01,0,0.1833629920890465,0.05016944102138673,0.3166359505047087,0.2,0.2153846153846154,true,true
58,0.01,1,0.8873629926647317,0.7305319038070899,1.06389309975716,1.0,0.9846153846153847,true,true
58,0.3,0,0.36772938348003625,0.25194275649054476,0.46860702155962913,0.2,0.4181818181818182,false,true
58,0.3,1,0.7005218846107755,0.5942199171825933,0.8288736301732983,1.0,0.7818181818181817,false,true
59,0.0,0,0.17449972020085214,0.02301257147829496,0.309926953822254,0.2,0.2,true,true
59,0.0,1,1.0509098992060268,0.8877533213185298,1.2020515417816588,1.0,1.0,true,true
59,0.01,0,0.19146684747506637,0.04083773340816306,0.32411662665801944,0.2,0.2153846153846154,true,true
59,0.01,1,1.0341675020943848,0.8740074140272224,1.1809145290985057,1.0,0.9846153846153847,true,true
59,0.3,0,0.415119012159888,0.275193435961071,0.5322096003868056,0.2,0.4181818181818182,false,true
59,0.3,1,0.8134776177365144,0.6702911309272938,0.936016423982751,1.0,0.7818181818181817,false,true
60,0.0,0,0.25113844298316845,0.100572122679705,0.42483585259450646,0.2,0.2,true,true
60,0.0,1,0.9563327734933427,0.8178681637521886,1.091847861320451,1.0,1.0,true,true
60,0.01,0,0.2659824026757979,0.11882183875001558,0.4336607083997723,0.2,0.2153846153846154,true,true
60,0.01,1,0.9438565619725436,0.8085077047196588,1.076861426701106,1.0,0.9846153846153847,true,true
60,0.3,0,0.46084837849196114,0.34089554044897097,0.5957938402754748,0.2,0.4181818181818182,false,true
60,0.3,1,0.7800735025442347,0.6565791699099907,0.8996565231380548,1.0,0.7818181818181817,false,true
61,0.0,0,0.05902433033987886,-0.13327996487979835,0.18749395490976212,0.2,0.2,false,false
61,0.0,1,1.0044672678750242,0.8560959975175947,1.1433461754683034,1.0,1.0,true,true
61,0.01,0,0.07936785708082683,-0.10820843279132579,0.202708941394247,0.2,0.2153846153846154,true,false
61,0.01,1,0.9880453848431746,0.8434815575604526,1.1248077136866885,1.0,0.9846153846153847,true,true
61,0.3,0,0.3458596298032667,0.19882270861229578,0.44142672206324485,0.2,0.4181818181818182,true,true
61,0.3,1,0.7729255201154219,0.6419383060545069,0.8768603416616843,1.0,0.7818181818181817,false,true
62,0.0,0,0.15539802867615238,-0.02255289199641966,0.273849474690092,0.2,0.2,true,true
62,0.0,1,0.889843344129812,0.746956163713234,1.0664348833950548,1.0,1.0,true,true
62,0.01,0,0.16915474472852599,-0.006451777925825159,0.28526684199895214,0.2,0.2153846153846154,true,true
62,0.01,1,0.8753328354170343,0.7346353548441152,1.0486815400141511,1.0,0.9846153846153847,true,true
62,0.3,0,0.35042291439802375,0.20999222113403004,0.4532891959761125,0.2,0.4181818181818182,false,true
62,0.3,1,0.6841321632998927,0.5740796424428984,0.8164429963559215,1.0,0.7818181818181817,false,true
63,0.0,0,0.1569662307865517,-0.013137025661761302,0.31570601378753826,0.2,0.2,true,true
63,0.0,1,0.9699840892712414,0.8480104877172995,1.13048456351764,1.0,1.0,true,true
63,0.01,0,0.17313963417458933,0.008484198358289867,0.3276287002283753,0.2,0.2153846153846154,true,true
63,0.01,1,0.9548541312630772,0.8367093671670175,1.1110543070662473,1.0,0.9846153846153847,true,true
63,0.3,0,0.3862052227190715,0.2733171927072355,0.5001776879081892,0.2,0.4181818181818182,false,true
63,0.3,1,0.7555347097214647,0.675380583935936,0.8682681654463413,1.0,0.7818181818181817,false,true
64,0.0,0,0.16651687043976704,0.011093033092336358,0.3399814641515484,0.2,0.2,true,true
64,0.0,1,0.9885876833901593,0.8567826722946275,1.1366530646712056,1.0,1.0,true,true
64,0.01,0,0.18407566450278523,0.03260769422821713,0.3540764731685303,0.2,0.2153846153846154,true,true
64,0.01,1,0.9742213973385989,0.8450838114746081,1.1204419156116694,1.0,0.9846153846153847,true,true
64,0.3,0,0.4142642387261866,0.2822927063513971,0.5707196967035464,0.2,0.4181818181818182,false,true
64,0.3,1,0.7858852911558161,0.6718458841178058,0.9126359523057246,1.0,0.7818181818181817,false,true
65,0.0,0,0.11370192265027629,-0.0746400018143333,0.2754011488721369,0.2,0.2,true,true
65,0.0,1,0.8474532836027469,0.7158883673703041,0.983946048634882,1.0,1.0,false,false
65,0.01,0,0.12914699240645372,-0.05617745199397128,0.28861496502817857,0.2,0.2153846153846154,true,true
65,0.01,1,0.8344718446052235,0.7053591292819515,0.9704551156798279,1.0,0.9846153846153847,false,false
65,0.3,0,0.3319041173183904,0.1903987772599513,0.4747899763531302,0.2,0.4181818181818182,true,true
65,0.3,1,0.6640563469798533,0.5547702556450316,0.7946575880572899,1.0,0.7818181818181817,false,true
66,0.0,0,0.39281313470578155,0.2793452808174125,0.5135598892428201,0.2,0.2,false,false
66,0.0,1,1.0242242415346405,0.8800888102232001,1.1632755685053628,1.0,1.0,true,true
66,0.01,0,0.40412369063806536,0.29351311152790377,0.5226240417494405,0.2,0.2153846153846154,false,false
66,0.01,1,1.0111235256706284,0.8678376239150105,1.147712258429048,1.0,0.9846153846153847,true,true
66,0.3,0,0.5527789693000226,0.4595304307645054,0.6418159981091145,0.2,0.4181818181818182,false,false
66,0.3,1,0.8389400734074981,0.73156885826645,0.9510093736587863,1.0,0.7818181818181817,false,true
67,0.0,0,0.2377876749274601,0.08839643730600806,0.43490200575631277,0.2,0.2,true,true
67,0.0,1,0.9065776146855605,0.7686179043201448,1.04824940395158,1.0,1.0,true,true
67,0.01,0,0.25109194538681906,0.10355120354092086,0.44594108147506795,0.2,0.2153846153846154,true,true
67,0.01,1,0.8941316842558376,0.7588899601665181,1.0352741255985405,1.0,0.9846153846153847,true,true
67,0.3,0,0.4263600783559694,0.29647788634795064,0.5907408286330714,0.2,0.4181818181818182,false,true
67,0.3,1,0.7301711727685679,0.6114736266598115,0.8584940343434665,1.0,0.7818181818181817,false,true
68,0.0,0,0.23190778810529716,0.0753588687420323,0.3443511549781004,0.2,0.2,true,true
68,0.0,1,0.9722617833640841,0.8330232797124892,1.1200417438080321,1.0,1.0,true,true
68,0.01,0,0.24673768323374745,0.09215342611986153,0.35681594903394526,0.2,0.2153846153846154,true,true
68,0.01,1,0.9585726493993606,0.8206902526115863,1.1048264033500557,1.0,0.9846153846153847,true,true
68,0.3,0,0.4420519352311536,0.29974706127543227,0.5397859385739157,0.2,0.4181818181818182,false,true
68,0.3,1,0.778282570632524,0.6529051212343571,0.8966403161878334,1.0,0.7818181818181817,false,true
69,0.0,0,0.30758072320754304,0.15017322384728854,0.45707180425678706,0.2,0.2,true,true
69,0.0,1,1.1259802538479793,0.9809941624712836,1.2732149140382503,1.0,1.0,true,true
69,0.01,0,0.3244404560276036,0.1698570927197894,0.47209250528626795,0.2,0.2153846153846154,true,true
69,0.01,1,1.1112279876304265,0.9657668031998653,1.2564980670902264,1.0,0.9846153846153847,true,true
69,0.3,0,0.5461425297100184,0.4284906466154294,0.6754841061967397,0.2,0.4181818181818182,false,false
69,0.3,1,0.9172386731583135,0.7980940280669061,1.0326799040545636,1.0,0.7818181818181817,true,false
70,0.0,0,0.1707146158575903,-0.0012110191229541354,0.35061868397767054,0.2,0.2,true,true
70,0.0,1,0.832165138353207,0.6810683556614686,0.9532619009543717,1.0,1.0,false,false
70,0.01,0,0.18335055686171609,0.014827933820976408,0.35984947029753483,0.2,0.2153846153846154,true,true
70,0.01,1,0.8193595874027172,0.6741540922252465,0.9398672292426147,1.0,0.9846153846153847,false,false
70,0.3,0,0.3499111957211474,0.22617260244300597,0.48138794570145793,0.2,0.4181818181818182,false,true
70,0.3,1,0.6505632352700048,0.5474846921590598,0.7498022426952404,1.0,0.7818181818181817,false,false
71,0.0,0,0.23059210699221244,0.07304176800789855,0.3823212186921857,0.2,0.2,true,true
71,0.0,1,1.1342191681824136,1.0022432714274339,1.312002277761801,1.0,1.0,false,false
71,0.01,0,0.24844515618267904,0.0936802049700037,0.39669040009370954,0.2,0.2153846153846154,true,true
71,0.01,1,1.1172935501187244,0.9875398017838657,1.2881763650543714,1.0,0.9846153846153847,true,false
71,0.3,0,0.4836894933816753,0.35862165931933343,0.6105600826970274,0.2,0.4181818181818182,false,true
71,0.3,1,0.8942696979690266,0.7879884423862226,1.0294353550932416,1.0,0.7818181818181817,true,false
72,0.0,0,0.12549892057569656,-0.055153440015879324,0.2970780564223807,0.2,0.2,true,true
72,0.0,1,1.0406801553430705,0.8865830865993801,1.2055922107422168,1.0,1.0,true,true
72,0.01,0,0.14345745961884238,-0.035076826142058065,0.3098258403144388,0.2,0.2153846153846154,true,true
72,0.01,1,1.0234258727329892,0.8743114918123001,1.1875871210528677,1.0,0.9846153846153847,true,true
72,0.3,0,0.38013199735221626,0.22360635659096134,0.5022108185110231,0.2,0.4181818181818182,false,true
72,0.3,1,0.7960326894205318,0.6672596260105069,0.9420958472072245,1.0,0.7818181818181817,false,true
73,0.0,0,0.32323537874114117,0.15799924637343535,0.5082647950796042,0.2,0.2,true,true
73,0.0,1,0.9974886260148681,0.8298280770569754,1.1459078156124367,1.0,1.0,true,true
73,0.01,0,0.33732581037921444,0.1744745949994002,0.519215543274826,0.2,0.2153846153846154,true,true
73,0.01,1,0.9854856657305835,0.8225563379640718,1.1306171360620785,1.0,0.9846153846153847,true,true
73,0.3,0,0.5224130338438833,0.3867478211003168,0.6627121651492154,0.2,0.4181818181818182,false,true
73,0.3,1,0.8278187716680878,0.7049122096595904,0.9368927167601745,1.0,0.7818181818181817,false,true
74,0.0,0,0.252414371369687,0.0761899755743938,0.4028023537128365,0.2,0.2,true,true
74,0.0,1,1.0625249805837589,0.9214269165199436,1.2312100972809126,1.0,1.0,true,true
74,0.01,0,0.26910334529341035,0.09564855535816318,0.41960086393202534,0.2,0.2153846153846154,true,true
74,0.01,1,1.047922128400501,0.9095214103410634,1.214048194370822,1.0,0.9846153846153847,true,true
74,0.3,0,0.4885599740555703,0.3623880822250502,0.6116259105561479,0.2,0.4181818181818182,false,true
74,0.3,1,0.855897578233611,0.7439032259104295,1.0072671023080935,1.0,0.7818181818181817,true,true
75,0.0,0,0.21107655487166344,0.05491263409206719,0.35389321943911606,0.2,0.2,true,true
75,0.0,1,0.815956395888721,0.6386927397499231,0.9841307374930713,1.0,1.0,false,false
75,0.01,0,0.22310945866087972,0.07126722536295506,0.3644375257362743,0.2,0.2153846153846154,true,true
75,0.01,1,0.8046998084730025,0.63061023552821,0.9722017705587568,1.0,0.9846153846153847,false,false
75,0.3,0,0.3816288293979484,0.2696188041291344,0.5189417262242195,0.2,0.4181818181818182,false,true
75,0.3,1,0.6564074939125188,0.5184693200480409,0.7896603547067519,1.0,0.7818181818181817,false,true
76,0.0,0,0.25004507295388434,0.1333808585924548,0.4177031914420073,0.2,0.2,true,true
76,0.0,1,1.1107832205915182,0.9195110646440368,1.2574969847878559,1.0,1.0,true,true
76,0.01,0,0.2661673492396046,0.15406471144518508,0.4296791889346547,0.2,0.2153846153846154,true,true
76,0.01,1,1.0937775319065803,0.9057946688072126,1.2396432418731291,1.0,0.9846153846153847,true,true
76,0.3,0,0.4786058049068086,0.38005259917938555,0.6058447235807954,0.2,0.4181818181818182,false,true
76,0.3,1,0.8696986129151458,0.7289054987064741,0.9986714446666789,1.0,0.7818181818181817,false,true
77,0.0,0,0.17447851698702027,0.048105462535505995,0.3044287749015655,0.2,0.2,true,true
77,0.0,1,1.0808696039045516,0.9189360142436812,1.247630459800412,1.0,1.0,true,true
77,0.01,0,0.19145590734238638,0.06771293835450548,0.3204915328434941,0.2,0.2153846153846154,true,true
77,0.01,1,1.0629619455845076,0.9038133581980871,1.2261866115875717,1.0,0.9846153846153847,true,true
77,0.3,0,0.4151619476332162,0.3069181495109823,0.5153230258094174,0.2,0.4181818181818182,false,true
77,0.3,1,0.8269980400722625,0.700558645634433,0.9558363635907415,1.0,0.7818181818181817,false,true
78,0.0,0,0.25340021755935604,0.11329925830505296,0.4115561984381511,0.2,0.2,true,true
78,0.0,1,1.0577098756364993,0.8844042584019747,1.2251167502415465,1.0,1.0,true,true
78,0.01,0,0.26762996528737926,0.12900932385925926,0.42439094203694344,0.2,0.2153846153846154,true,true
78,0.01,1,1.0407795918433038,0.8706800509910503,1.204461534918003,1.0,0.9846153846153847,true,true
78,0.3,0,0.45443279512906226,0.3147128803319506,0.6098841087331902,0.2,0.4181818181818182,false,true
78,0.3,1,0.8185251300608635,0.6833308885469906,0.9713246663727754,1.0,0.7818181818181817,false,true
79,0.0,0,0.11426390318282298,-0.06624630083578087,0.2784510209670858,0.2,0.2,true,true
79,0.0,1,1.0885407747835425,0.9263987580796107,1.218960872378584,1.0,1.0,true,true
79,0.01,0,0.13447850557051777,-0.043213506875924554,0.29385095790888016,0.2,0.2153846153846154,true,true
79,0.01,1,1.0710884162003773,0.9131202166123291,1.1986513003800376,1.0,0.9846153846153847,true,true
79,0.3,0,0.4001601722343312,0.2624055045294211,0.5132508069932742,0.2,0.4181818181818182,false,true
79,0.3,1,0.8417110766583273,0.723063082151879,0.9334778551113044,1.0,0.7818181818181817,false,true
80,0.0,0,0.13719595494287107,-0.001324918915735154,0.3207442722721027,0.2,0.2,true,true
80,0.0,1,1.0624507184393024,0.9357844351008109,1.1990809395585467,1.0,1.0,true,true
80,0.01,0,0.15771247361170493,0.02140495723254409,0.33958924244862254,0.2,0.2153846153846154,true,true
80,0.01,1,1.0467616159278412,0.9235787407514469,1.1796372760599783,1.0,0.9846153846153847,true,true
80,0.3,0,0.42551363073707466,0.3250549778233531,0.5719142893624892,0.2,0.4181818181818182,false,true
80,0.3,1,0.8419724957731466,0.7520148253364038,0.9611322318265347,1.0,0.7818181818181817,false,true
81,0.0,0,0.22216410186250757,0.045658720815408935,0.3886911010307821,0.2,0.2,true,true
81,0.0,1,0.9674377836721464,0.8577225216642527,1.0829493172019606,1.0,1.0,true,true
81,0.01,0,0.2364962880511544,0.06311358641463279,0.4006223917346965,0.2,0.2153846153846154,true,true
81,0.01,1,0.9531055974834994,0.8462361992577816,1.0650582133778699,1.0,0.9846153846153847,true,true
81,0.3,0,0.4254205605378635,0.28692209863441537,0.5481795995526267,0.2,0.4181818181818182,false,true
81,0.3,1,0.7641813249967903,0.6567463939850188,0.845827570950573,1.0,0.7818181818181817,false,true
82,0.0,0,0.3222224279184773,0.19973400318237847,0.4691702483022353,0.2,0.2,true,true
82,0.0,1,1.1508971437555227,0.9994467499662932,1.3270191749213043,1.0,1.0,true,true
82,0.01,0,0.33826540609165473,0.2180279720327084,0.481722163831409,0.2,0.2153846153846154,false,false
82,0.01,1,1.1350666553594733,0.9854534687410376,1.307603053659468,1.0,0.9846153846153847,true,false
82,0.3,0,0.5497359006800571,0.4559337908741169,0.6545721546496519,0.2,0.4181818181818182,false,false
82,0.3,1,0.9263970944742284,0.801350114069954,1.0521810070227076,1.0,0.7818181818181817,true,false
83,0.0,0,0.29184663317809123,0.12814532149626348,0.4429588081974971,0.2,0.2,true,true
83,0.0,1,0.972778716528376,0.853391578297558,1.119706496321063,1.0,1.0,true,true
83,0.01,0,0.30529987567329436,0.14465371505120292,0.45267021849981376,0.2,0.2153846153846154,true,true
83,0.01,1,0.9600243437731835,0.8417391584823529,1.1046577141868117,1.0,0.9846153846153847,true,true
83,0.3,0,0.48256926423530055,0.3611263791482115,0.6038246235939619,0.2,0.4181818181818182,false,true
83,0.3,1,0.7919637546169958,0.6940656009916524,0.9136994425889636,1.0,0.7818181818181817,false,true
84,0.0,0,0.2440624097495519,0.10156464834638011,0.38452015796815164,0.2,0.2,true,true
84,0.0,1,1.027909338423187,0.8591164177568712,1.2106883962838124,1.0,1.0,true,true
84,0.01,0,0.25855572738296273,0.1175471013921067,0.3964407178212992,0.2,0.2153846153846154,true,true
84,0.01,1,1.0122082443203253,0.8484556014311765,1.190053531027836,1.0,0.9846153846153847,true,true
84,0.3,0,0.44943715088674885,0.32255330037729013,0.5657695914989173,0.2,0.4181818181818182,false,true
84,0.3,1,0.8054200355245569,0.6800412333918483,0.9546355095010641,1.0,0.7818181818181817,false,true
85,0.0,0,0.15581813817016588,0.0030107755925664684,0.3412823977826792,0.2,0.2,true,true
85,0.0,1,0.9072802583426562,0.7733840892704245,1.0726479120273182,1.0,1.0,true,true
85,0.01,0,0.17036629580246354,0.02134050478914421,0.35154349254538986,0.2,0.2153846153846154,true,true
85,0.01,1,0.8929247915399253,0.7614657088887948,1.0548574798309898,1.0,0.9846153846153847,true,true
85,0.3,0,0.36213281549989246,0.25062093994540424,0.48735272077549024,0.2,0.4181818181818182,false,true
85,0.3,1,0.7036982257457736,0.5936786675801061,0.8399888742507796,1.0,0.7818181818181817,false,true
86,0.0,0,0.2505323326545493,0.09050298147597519,0.37746402598330003,0.2,0.2,true,true
86,0.0,1,1.0958277599934203,0.9262640686355467,1.2965305002404688,1.0,1.0,true,true
86,0.01,0,0.2654871955806513,0.1080274628784693,0.3872027001297994,0.2,0.2153846153846154,true,true
86,0.01,1,1.078034747898861,0.9124358663146658,1.274883767370283,1.0,0.9846153846153847,true,true
86,0.3,0,0.4618090677519176,0.3363370524506507,0.5566948223270607,0.2,0.4181818181818182,false,true
86,0.3,1,0.8444547102060403,0.7109489083525808,0.9790576883262151,1.0,0.7818181818181817,false,true
87,0.0,0,0.2482338775812044,0.060792354239031246,0.41283067671937523,0.2,0.2,true,true
87,0.0,1,0.9836820936013931,0.8504887807671206,1.1575012173027628,1.0,1.0,true,true
87,0.01,0,0.26306819344542914,0.08020314488630462,0.4261071245500352,0.2,0.2153846153846154,true,true
87,0.01,1,0.9701705829734688,0.8393523805758041,1.1423995385500931,1.0,0.9846153846153847,true,true
87,0.3,0,0.45837893617183484,0.32835187857229675,0.6032634189298045,0.2,0.4181818181818182,false,true
87,0.3,1,0.7922760848213921,0.6879306929889328,0.9465473705713898,1.0,0.7818181818181817,false,true
88,0.0,0,0.22844603094819782,0.06703679660843842,0.38148963050830426,0.2,0.2,true,true
88,0.0,1,0.9775571709526852,0.8131529397757756,1.1449283801511767,1.0,1.0,true,true
88,0.01,0,0.24275658608226353,0.08669058815882298,0.3940375328137889,0.2,0.2153846153846154,true,true
88,0.01,1,0.9630545278302429,0.8007196065153351,1.128103355830584,1.0,0.9846153846153847,true,true
88,0.3,0,0.43139114877805645,0.3134396552581594,0.5593648716962358,0.2,0.4181818181818182,false,true
88,0.3,1,0.7718879575814862,0.6334653191518101,0.8833803376067396,1.0,0.7818181818181817,false,true
89,0.0,0,0.18038858773437483,-0.04264682275818484,0.3549128159760151,0.2,0.2,true,true
89,0.0,1,0.8346579299455062,0.6485333239096563,1.0051317452531734,1.0,1.0,true,true
89,0.01,0,0.19256429527926638,-0.026753985744323958,0.36375209536888786,0.2,0.2153846153846154,true,true
89,0.01,1,0.8216425184320013,0.6376567248952181,0.988656474527974,1.0,0.9846153846153847,false,true
89,0.3,0,0.3529649377263962,0.1919723671906154,0.4920534119465965,0.2,0.4181818181818182,true,true
89,0.3,1,0.6501797627126555,0.4949075419551157,0.7758010921895531,1.0,0.7818181818181817,false,false
90,0.0,0,0.17288986177446802,0.045339862589770255,0.32385532975043285,0.2,0.2,true,true
90,0.0,1,0.9409277228943533,0.7826233121925072,1.0532193462475379,1.0,1.0,true,true
90,0.01,0,0.1879610164174516,0.062496487034662006,0.33385481137912193,0.2,0.2153846153846154,true,true
90,0.01,1,0.9264475939236438,0.7717646214262243,1.036262991424651,1.0,0.9846153846153847,true,true
90,0.3,0,0.38658288368998445,0.28070018391696266,0.49867979139936014,0.2,0.4181818181818182,false,true
90,0.3,1,0.7356148194853279,0.6120486356060801,0.8380032695342785,1.0,0.7818181818181817,false,true
91,0.0,0,0.28078577977624497,0.0768523563235474,0.40075507000006105,0.2,0.2,true,true
91,0.0,1,0.9927528269956214,0.8434377090392323,1.1547421880342263,1.0,1.0,true,true
91,0.01,0,0.2939500395091148,0.09361750835047733,0.4100271619682706,0.2,0.2153846153846154,true,true
91,0.01,1,0.9784915456183457,0.831006879455972,1.136803161060699,1.0,0.9846153846153847,true,true
91,0.3,0,0.4673273642005357,0.3095179314305798,0.5665079365230236,0.2,0.4181818181818182,false,true
91,0.3,1,0.7906661105359731,0.6579427823410634,0.9250551172792107,1.0,0.7818181818181817,false,true
92,0.0,0,0.22309894036114475,0.07525070513493086,0.4025055190770046,0.2,0.2,true,true
92,0.0,1,0.9681986451167994,0.8272324137431352,1.0868011799465513,1.0,1.0,true,true
92,0.01,0,0.2375239228926337,0.09338273136651498,0.4133990890458337,0.2,0.2153846153846154,true,true
92,0.01,1,0.9539647219565884,0.8148876634503333,1.0694121383620032,1.0,0.9846153846153847,true,true
92,0.3,0,0.4276668101692084,0.31776198844355125,0.5547826152854884,0.2,0.4181818181818182,false,true
92,0.3,1,0.766340283518114,0.6514883393334148,0.8590637571078318,1.0,0.7818181818181817,false,true
93,0.0,0,0.055356974731572584,-0.08578247405660328,0.21924411602733765,0.2,0.2,true,true
93,0.0,1,1.025254202720184,0.8488157404302932,1.205324580658911,1.0,1.0,true,true
93,0.01,0,0.07262294705644706,-0.0654380214674888,0.23518660977313444,0.2,0.2153846153846154,true,true
93,0.01,1,1.0049854525996793,0.8318834304907298,1.182377755989873,1.0,0.9846153846153847,true,true
93,0.3,0,0.2994230167855994,0.18277336070110864,0.4261016738052819,0.2,0.4181818181818182,true,true
93,0.3,1,0.7387418924828482,0.6082384807607657,0.8959441322852713,1.0,0.7818181818181817,false,true
94,0.0,0,0.2114697632582861,0.050198002002986464,0.3572981368850313,0.2,0.2,true,true
94,0.0,1,0.9828158702827494,0.8099099514734585,1.149200984946989,1.0,1.0,true,true
94,0.01,0,0.2254617613401655,0.06689897969598374,0.36748942790993483,0.2,0.2153846153846154,true,true
94,0.01,1,0.9670376596797791,0.7984672694551054,1.1308124945366904,1.0,0.9846153846153847,true,true
94,0.3,0,0.40953896939642,0.2826813909208329,0.5256623579103995,0.2,0.4181818181818182,false,true
94,0.3,1,0.75946123357379,0.6339253188786095,0.8825824609659262,1.0,0.7818181818181817,false,true
95,0.0,0,0.16348145004396242,-0.03733431680678534,0.29064110747924643,0.2,0.2,true,true
95,0.0,1,1.007054645808143,0.8403124385757706,1.1660669347656953,1.0,1.0,true,true
95,0.01,0,0.18037891005156548,-0.015442277023700797,0.30565003966695786,0.2,0.2153846153846154,true,true
95,0.01,1,0.9914569904165096,0.8275393245784687,1.1487011311556994,1.0,0.9846153846153847,true,true
95,0.3,0,0.4029236235141447,0.2693081708125561,0.525285084168724,0.2,0.4181818181818182,false,true
95,0.3,1,0.7860311010664365,0.6672663454509096,0.920283510969628,1.0,0.7818181818181817,false,true
96,0.0,0,0.17049788812840838,0.003559866305695946,0.3134528637112045,0.2,0.2,true,true
96,0.0,1,1.0309637542709433,0.8610752130969548,1.203780353910604,1.0,1.0,true,true
96,0.01,0,0.18715633666734455,0.02440582170211999,0.3272008924597988,0.2,0.2153846153846154,true,true
96,0.01,1,1.0145259474345094,0.8473370168184167,1.1834100824963851,1.0,0.9846153846153847,true,true
96,0.3,0,0.4067396530302658,0.2797987983953932,0.5235845178417556,0.2,0.4181818181818182,false,true
96,0.3,1,0.7978510193677857,0.6704094274909057,0.9205970053844776,1.0,0.7818181818181817,false,true
97,0.0,0,0.379938792701942,0.2558625313890078,0.5115306454450348,0.2,0.2,false,false
97,0.0,1,1.0340292867973127,0.8438714866557062,1.2012055101177277,1.0,1.0,true,true
97,0.01,0,0.3924341322831475,0.2713078297190729,0.5207858732664273,0.2,0.2153846153846154,false,false
97,0.01,1,1.0213662245371649,0.8342998028894817,1.1840154959914417,1.0,0.9846153846153847,true,true
97,0.3,0,0.5571414336809298,0.4543185713860255,0.6723439387843504,0.2,0.4181818181818182,false,false
97,0.3,1,0.8544480868790096,0.7102113675898734,0.9836779088245928,1.0,0.7818181818181817,false,true
98,0.0,0,0.1582810266465069,0.031517874163080106,0.28679526637965685,0.2,0.2,true,true
98,0.0,1,0.9517539059080576,0.7688453048772469,1.1455372895006,1.0,1.0,true,true
98,0.01,0,0.1732406923193872,0.048075440462366455,0.2995342680893568,0.2,0.2153846153846154,true,true
98,0.01,1,0.9361836416362842,0.7589601368167351,1.1254362427732825,1.0,0.9846153846153847,true,true
98,0.3,0,0.3703932529630153,0.2639321368843635,0.483264974134287,0.2,0.4181818181818182,false,true
98,0.3,1,0.7309840377010796,0.6194602469071053,0.8677058856568519,1.0,0.7818181818181817,false,true
99,0.0,0,0.20261947905366307,0.09759820434393704,0.33373928165543765,0.2,0.2,true,true
99,0.0,1,1.1548875125090654,1.018778363457191,1.3322952297680497,1.0,1.0,false,false
99,0.01,0,0.2220985241224147,0.11890498203309766,0.34975385200504294,0.2,0.2153846153846154,true,true
99,0.01,1,1.1376136423537573,1.0033170319844382,1.3114235597163735,1.0,0.9846153846153847,false,false
99,0.3,0,0.4783627267670284,0.414488680779506,0.5822256012503843,0.2,0.4181818181818182,false,true
99,0.3,1,0.9103604815179678,0.7980470969376803,1.0464687926280278,1.0,0.7818181818181817,true,false
